﻿<?xml version="1.0" encoding="utf-8"?><meta xmlns:xsi="http://www.w3.org/2001/XMLSchema-instance" xmlns:xsd="http://www.w3.org/2001/XMLSchema"><project id="6mUu0Bz60dX" courseid="5zEi2Uka3uZ_course_id" thumburl="story_content/thumbnail.jpg" title="M2 Assignment 1" datepublished="2023-02-23T17:54:55" version="1.0.0.0" flashdata="story_content/data.swf" html5data="mobile/data.json" mobiledata="mobile/data.gz" enabledownload="false" duration="About 35 seconds" totalaudio="3851" totalvideo="0"><description>This is a sample of a DEI training to practice using Storyline 3</description><keywords /><slidemeta moniker="slide" monikerplural="slides" viewslides="7" slidecountdescription="7 slides" /><author name="Zach Hill" email="" website="" /><application name="Articulate Storyline" version="3.73.29831.0" xmlversion="4.0" /></project></meta>